alert_id,expected_verdict,category,source
python:py/path-injection:27,true_positive,pathtraver,owasp-benchmark-python
python:py/path-injection:28,true_positive,pathtraver,owasp-benchmark-python
python:py/path-injection:29,false_positive,pathtraver,owasp-benchmark-python
python:py/path-injection:30,false_positive,pathtraver,owasp-benchmark-python
python:py/path-injection:31,false_positive,pathtraver,owasp-benchmark-python
python:py/path-injection:32,false_positive,pathtraver,owasp-benchmark-python
python:py/path-injection:33,true_positive,pathtraver,owasp-benchmark-python
python:py/path-injection:34,false_positive,pathtraver,owasp-benchmark-python
python:py/path-injection:35,false_positive,pathtraver,owasp-benchmark-python
python:py/path-injection:36,false_positive,pathtraver,owasp-benchmark-python
python:py/path-injection:37,false_positive,pathtraver,owasp-benchmark-python
python:py/path-injection:38,true_positive,pathtraver,owasp-benchmark-python
python:py/path-injection:39,false_positive,pathtraver,owasp-benchmark-python
python:py/path-injection:40,false_positive,pathtraver,owasp-benchmark-python
python:py/path-injection:41,true_positive,pathtraver,owasp-benchmark-python
python:py/path-injection:42,false_positive,pathtraver,owasp-benchmark-python
python:py/path-injection:43,false_positive,pathtraver,owasp-benchmark-python
python:py/path-injection:44,false_positive,pathtraver,owasp-benchmark-python
python:py/path-injection:45,false_positive,pathtraver,owasp-benchmark-python
python:py/path-injection:46,true_positive,pathtraver,owasp-benchmark-python
python:py/path-injection:47,false_positive,pathtraver,owasp-benchmark-python
python:py/path-injection:48,false_positive,pathtraver,owasp-benchmark-python
python:py/path-injection:49,false_positive,pathtraver,owasp-benchmark-python
python:py/path-injection:50,false_positive,pathtraver,owasp-benchmark-python
python:py/path-injection:51,false_positive,pathtraver,owasp-benchmark-python
python:py/path-injection:52,true_positive,pathtraver,owasp-benchmark-python
python:py/path-injection:53,true_positive,pathtraver,owasp-benchmark-python
python:py/path-injection:54,true_positive,pathtraver,owasp-benchmark-python
python:py/path-injection:55,false_positive,pathtraver,owasp-benchmark-python
python:py/path-injection:56,false_positive,pathtraver,owasp-benchmark-python
python:py/path-injection:57,true_positive,pathtraver,owasp-benchmark-python
python:py/path-injection:58,false_positive,pathtraver,owasp-benchmark-python
python:py/path-injection:59,true_positive,pathtraver,owasp-benchmark-python
python:py/path-injection:60,false_positive,pathtraver,owasp-benchmark-python
python:py/path-injection:61,false_positive,pathtraver,owasp-benchmark-python
python:py/path-injection:62,true_positive,pathtraver,owasp-benchmark-python
python:py/path-injection:63,false_positive,pathtraver,owasp-benchmark-python
python:py/path-injection:64,true_positive,pathtraver,owasp-benchmark-python
python:py/path-injection:65,false_positive,pathtraver,owasp-benchmark-python
python:py/path-injection:66,true_positive,pathtraver,owasp-benchmark-python
python:py/path-injection:67,false_positive,pathtraver,owasp-benchmark-python
python:py/path-injection:68,false_positive,pathtraver,owasp-benchmark-python
python:py/path-injection:69,true_positive,pathtraver,owasp-benchmark-python
python:py/path-injection:70,false_positive,pathtraver,owasp-benchmark-python
python:py/path-injection:71,false_positive,pathtraver,owasp-benchmark-python
python:py/path-injection:72,true_positive,pathtraver,owasp-benchmark-python
python:py/path-injection:73,true_positive,pathtraver,owasp-benchmark-python
python:py/path-injection:74,false_positive,pathtraver,owasp-benchmark-python
python:py/path-injection:75,false_positive,pathtraver,owasp-benchmark-python
python:py/path-injection:76,false_positive,pathtraver,owasp-benchmark-python
python:py/path-injection:77,false_positive,pathtraver,owasp-benchmark-python
python:py/path-injection:78,true_positive,pathtraver,owasp-benchmark-python
python:py/path-injection:79,true_positive,pathtraver,owasp-benchmark-python
python:py/path-injection:80,false_positive,pathtraver,owasp-benchmark-python
python:py/path-injection:81,false_positive,pathtraver,owasp-benchmark-python
python:py/path-injection:82,true_positive,pathtraver,owasp-benchmark-python
python:py/path-injection:83,true_positive,pathtraver,owasp-benchmark-python
python:py/path-injection:84,false_positive,pathtraver,owasp-benchmark-python
python:py/path-injection:85,false_positive,pathtraver,owasp-benchmark-python
python:py/path-injection:86,false_positive,pathtraver,owasp-benchmark-python
python:py/path-injection:87,false_positive,pathtraver,owasp-benchmark-python
python:py/path-injection:88,false_positive,pathtraver,owasp-benchmark-python
python:py/path-injection:89,true_positive,pathtraver,owasp-benchmark-python
python:py/path-injection:90,false_positive,pathtraver,owasp-benchmark-python
python:py/path-injection:91,false_positive,pathtraver,owasp-benchmark-python
python:py/path-injection:92,false_positive,pathtraver,owasp-benchmark-python
python:py/path-injection:93,false_positive,pathtraver,owasp-benchmark-python
python:py/path-injection:94,false_positive,pathtraver,owasp-benchmark-python
python:py/path-injection:95,true_positive,pathtraver,owasp-benchmark-python
python:py/path-injection:96,false_positive,pathtraver,owasp-benchmark-python
python:py/path-injection:97,true_positive,pathtraver,owasp-benchmark-python
python:py/path-injection:98,false_positive,pathtraver,owasp-benchmark-python
python:py/path-injection:99,false_positive,pathtraver,owasp-benchmark-python
python:py/path-injection:100,true_positive,pathtraver,owasp-benchmark-python
python:py/path-injection:101,false_positive,pathtraver,owasp-benchmark-python
python:py/path-injection:102,false_positive,pathtraver,owasp-benchmark-python
python:py/path-injection:103,true_positive,pathtraver,owasp-benchmark-python
python:py/path-injection:104,true_positive,pathtraver,owasp-benchmark-python
python:py/path-injection:105,true_positive,pathtraver,owasp-benchmark-python
python:py/path-injection:106,false_positive,pathtraver,owasp-benchmark-python
python:py/path-injection:107,true_positive,pathtraver,owasp-benchmark-python
python:py/path-injection:108,false_positive,pathtraver,owasp-benchmark-python
python:py/path-injection:109,true_positive,pathtraver,owasp-benchmark-python
python:py/path-injection:110,false_positive,pathtraver,owasp-benchmark-python
python:py/path-injection:111,true_positive,pathtraver,owasp-benchmark-python
python:py/path-injection:112,false_positive,pathtraver,owasp-benchmark-python
python:py/path-injection:113,true_positive,pathtraver,owasp-benchmark-python
python:py/path-injection:114,true_positive,pathtraver,owasp-benchmark-python
python:py/path-injection:115,false_positive,pathtraver,owasp-benchmark-python
python:py/path-injection:116,false_positive,pathtraver,owasp-benchmark-python
python:py/path-injection:117,false_positive,pathtraver,owasp-benchmark-python
python:py/path-injection:118,false_positive,pathtraver,owasp-benchmark-python
python:py/path-injection:119,false_positive,pathtraver,owasp-benchmark-python
python:py/path-injection:120,false_positive,pathtraver,owasp-benchmark-python
python:py/path-injection:121,false_positive,pathtraver,owasp-benchmark-python
python:py/path-injection:122,true_positive,pathtraver,owasp-benchmark-python
python:py/path-injection:123,true_positive,pathtraver,owasp-benchmark-python
python:py/path-injection:124,true_positive,pathtraver,owasp-benchmark-python
python:py/path-injection:125,true_positive,pathtraver,owasp-benchmark-python
python:py/path-injection:126,true_positive,pathtraver,owasp-benchmark-python
python:py/path-injection:127,false_positive,pathtraver,owasp-benchmark-python
python:py/path-injection:128,false_positive,pathtraver,owasp-benchmark-python
python:py/path-injection:129,false_positive,pathtraver,owasp-benchmark-python
python:py/path-injection:130,false_positive,pathtraver,owasp-benchmark-python
python:py/path-injection:131,true_positive,pathtraver,owasp-benchmark-python
python:py/path-injection:132,true_positive,pathtraver,owasp-benchmark-python
python:py/path-injection:133,false_positive,pathtraver,owasp-benchmark-python
python:py/path-injection:134,false_positive,pathtraver,owasp-benchmark-python
python:py/path-injection:135,false_positive,pathtraver,owasp-benchmark-python
python:py/path-injection:136,false_positive,pathtraver,owasp-benchmark-python
python:py/path-injection:137,false_positive,pathtraver,owasp-benchmark-python
python:py/path-injection:138,false_positive,pathtraver,owasp-benchmark-python
python:py/path-injection:139,false_positive,pathtraver,owasp-benchmark-python
python:py/path-injection:140,false_positive,pathtraver,owasp-benchmark-python
python:py/path-injection:141,false_positive,pathtraver,owasp-benchmark-python
python:py/path-injection:142,true_positive,pathtraver,owasp-benchmark-python
python:py/path-injection:143,false_positive,pathtraver,owasp-benchmark-python
python:py/path-injection:144,true_positive,pathtraver,owasp-benchmark-python
python:py/path-injection:145,true_positive,pathtraver,owasp-benchmark-python
python:py/path-injection:146,true_positive,pathtraver,owasp-benchmark-python
python:py/path-injection:147,true_positive,pathtraver,owasp-benchmark-python
python:py/path-injection:148,false_positive,pathtraver,owasp-benchmark-python
python:py/path-injection:149,false_positive,pathtraver,owasp-benchmark-python
python:py/path-injection:150,false_positive,pathtraver,owasp-benchmark-python
python:py/path-injection:151,false_positive,pathtraver,owasp-benchmark-python
python:py/command-line-injection:152,true_positive,cmdi,owasp-benchmark-python
python:py/command-line-injection:153,true_positive,cmdi,owasp-benchmark-python
python:py/command-line-injection:154,true_positive,cmdi,owasp-benchmark-python
python:py/command-line-injection:155,true_positive,cmdi,owasp-benchmark-python
python:py/command-line-injection:156,true_positive,cmdi,owasp-benchmark-python
python:py/command-line-injection:157,true_positive,cmdi,owasp-benchmark-python
python:py/command-line-injection:158,true_positive,cmdi,owasp-benchmark-python
python:py/command-line-injection:159,true_positive,cmdi,owasp-benchmark-python
python:py/command-line-injection:160,true_positive,cmdi,owasp-benchmark-python
python:py/command-line-injection:161,true_positive,cmdi,owasp-benchmark-python
python:py/command-line-injection:162,true_positive,cmdi,owasp-benchmark-python
python:py/command-line-injection:163,false_positive,cmdi,owasp-benchmark-python
python:py/command-line-injection:164,false_positive,cmdi,owasp-benchmark-python
python:py/reflective-xss:165,false_positive,xss,owasp-benchmark-python
python:py/reflective-xss:166,false_positive,xss,owasp-benchmark-python
python:py/reflective-xss:167,false_positive,xss,owasp-benchmark-python
python:py/reflective-xss:168,false_positive,xss,owasp-benchmark-python
python:py/reflective-xss:169,false_positive,xss,owasp-benchmark-python
python:py/reflective-xss:170,false_positive,xss,owasp-benchmark-python
python:py/reflective-xss:171,false_positive,xss,owasp-benchmark-python
python:py/code-injection:172,false_positive,codeinj,owasp-benchmark-python
python:py/code-injection:173,false_positive,codeinj,owasp-benchmark-python
python:py/code-injection:174,false_positive,codeinj,owasp-benchmark-python
python:py/code-injection:175,false_positive,codeinj,owasp-benchmark-python
python:py/code-injection:176,true_positive,codeinj,owasp-benchmark-python
python:py/code-injection:177,true_positive,codeinj,owasp-benchmark-python
python:py/code-injection:178,true_positive,codeinj,owasp-benchmark-python
python:py/code-injection:179,false_positive,codeinj,owasp-benchmark-python
python:py/code-injection:180,false_positive,codeinj,owasp-benchmark-python
python:py/code-injection:181,false_positive,codeinj,owasp-benchmark-python
python:py/code-injection:182,false_positive,codeinj,owasp-benchmark-python
python:py/code-injection:183,false_positive,codeinj,owasp-benchmark-python
python:py/code-injection:184,true_positive,codeinj,owasp-benchmark-python
python:py/code-injection:185,false_positive,codeinj,owasp-benchmark-python
python:py/code-injection:186,true_positive,codeinj,owasp-benchmark-python
python:py/code-injection:187,true_positive,codeinj,owasp-benchmark-python
python:py/code-injection:188,false_positive,codeinj,owasp-benchmark-python
python:py/code-injection:189,false_positive,codeinj,owasp-benchmark-python
python:py/code-injection:190,true_positive,codeinj,owasp-benchmark-python
python:py/code-injection:191,true_positive,codeinj,owasp-benchmark-python
python:py/code-injection:192,false_positive,codeinj,owasp-benchmark-python
python:py/code-injection:193,true_positive,codeinj,owasp-benchmark-python
python:py/code-injection:194,true_positive,codeinj,owasp-benchmark-python
python:py/code-injection:195,false_positive,codeinj,owasp-benchmark-python
python:py/code-injection:196,false_positive,codeinj,owasp-benchmark-python
python:py/code-injection:197,true_positive,codeinj,owasp-benchmark-python
python:py/code-injection:198,false_positive,codeinj,owasp-benchmark-python
python:py/code-injection:199,true_positive,codeinj,owasp-benchmark-python
python:py/unsafe-deserialization:200,true_positive,deserialization,owasp-benchmark-python
python:py/unsafe-deserialization:201,true_positive,deserialization,owasp-benchmark-python
python:py/unsafe-deserialization:202,true_positive,deserialization,owasp-benchmark-python
python:py/unsafe-deserialization:203,true_positive,deserialization,owasp-benchmark-python
python:py/unsafe-deserialization:204,true_positive,deserialization,owasp-benchmark-python
python:py/unsafe-deserialization:205,false_positive,deserialization,owasp-benchmark-python
python:py/unsafe-deserialization:206,true_positive,deserialization,owasp-benchmark-python
python:py/unsafe-deserialization:207,false_positive,deserialization,owasp-benchmark-python
python:py/unsafe-deserialization:208,false_positive,deserialization,owasp-benchmark-python
python:py/unsafe-deserialization:209,true_positive,deserialization,owasp-benchmark-python
python:py/unsafe-deserialization:210,true_positive,deserialization,owasp-benchmark-python
python:py/unsafe-deserialization:211,true_positive,deserialization,owasp-benchmark-python
python:py/unsafe-deserialization:212,false_positive,deserialization,owasp-benchmark-python
python:py/unsafe-deserialization:213,true_positive,deserialization,owasp-benchmark-python
python:py/unsafe-deserialization:214,true_positive,deserialization,owasp-benchmark-python
python:py/unsafe-deserialization:215,true_positive,deserialization,owasp-benchmark-python
python:py/unsafe-deserialization:216,true_positive,deserialization,owasp-benchmark-python
python:py/unsafe-deserialization:217,false_positive,deserialization,owasp-benchmark-python
python:py/unsafe-deserialization:218,false_positive,deserialization,owasp-benchmark-python
python:py/url-redirection:219,true_positive,redirect,owasp-benchmark-python
python:py/url-redirection:220,true_positive,redirect,owasp-benchmark-python
python:py/url-redirection:221,false_positive,redirect,owasp-benchmark-python
python:py/url-redirection:222,true_positive,redirect,owasp-benchmark-python
python:py/url-redirection:223,false_positive,redirect,owasp-benchmark-python
python:py/url-redirection:224,true_positive,redirect,owasp-benchmark-python
python:py/url-redirection:225,false_positive,redirect,owasp-benchmark-python
python:py/url-redirection:226,false_positive,redirect,owasp-benchmark-python
python:py/url-redirection:227,true_positive,redirect,owasp-benchmark-python
python:py/url-redirection:228,true_positive,redirect,owasp-benchmark-python
python:py/url-redirection:229,false_positive,redirect,owasp-benchmark-python
python:py/url-redirection:230,true_positive,redirect,owasp-benchmark-python
python:py/url-redirection:231,false_positive,redirect,owasp-benchmark-python
python:py/url-redirection:232,false_positive,redirect,owasp-benchmark-python
python:py/url-redirection:233,false_positive,redirect,owasp-benchmark-python
python:py/url-redirection:234,false_positive,redirect,owasp-benchmark-python
python:py/url-redirection:235,true_positive,redirect,owasp-benchmark-python
python:py/url-redirection:236,false_positive,redirect,owasp-benchmark-python
python:py/url-redirection:237,true_positive,redirect,owasp-benchmark-python
python:py/url-redirection:238,true_positive,redirect,owasp-benchmark-python
python:py/url-redirection:239,false_positive,redirect,owasp-benchmark-python
python:py/xxe:240,true_positive,xxe,owasp-benchmark-python
python:py/xxe:241,false_positive,xxe,owasp-benchmark-python
python:py/xxe:242,false_positive,xxe,owasp-benchmark-python
python:py/xxe:243,true_positive,xxe,owasp-benchmark-python
python:py/xxe:244,true_positive,xxe,owasp-benchmark-python
python:py/xxe:245,false_positive,xxe,owasp-benchmark-python
python:py/xxe:246,true_positive,xxe,owasp-benchmark-python
python:py/xpath-injection:247,true_positive,xpathi,owasp-benchmark-python
python:py/xpath-injection:248,true_positive,xpathi,owasp-benchmark-python
python:py/xpath-injection:249,false_positive,xpathi,owasp-benchmark-python
python:py/xpath-injection:250,false_positive,xpathi,owasp-benchmark-python
python:py/xpath-injection:251,false_positive,xpathi,owasp-benchmark-python
python:py/xpath-injection:252,false_positive,xpathi,owasp-benchmark-python
python:py/xpath-injection:253,true_positive,xpathi,owasp-benchmark-python
python:py/xpath-injection:254,false_positive,xpathi,owasp-benchmark-python
python:py/xpath-injection:255,false_positive,xpathi,owasp-benchmark-python
python:py/xpath-injection:256,true_positive,xpathi,owasp-benchmark-python
python:py/xpath-injection:257,false_positive,xpathi,owasp-benchmark-python
python:py/xpath-injection:258,true_positive,xpathi,owasp-benchmark-python
python:py/xpath-injection:259,true_positive,xpathi,owasp-benchmark-python
python:py/xpath-injection:260,true_positive,xpathi,owasp-benchmark-python
python:py/xpath-injection:261,false_positive,xpathi,owasp-benchmark-python
python:py/xpath-injection:262,false_positive,xpathi,owasp-benchmark-python
python:py/xpath-injection:263,true_positive,xpathi,owasp-benchmark-python
python:py/xpath-injection:264,true_positive,xpathi,owasp-benchmark-python
python:py/xpath-injection:265,false_positive,xpathi,owasp-benchmark-python
python:py/xpath-injection:266,false_positive,xpathi,owasp-benchmark-python
python:py/xpath-injection:267,false_positive,xpathi,owasp-benchmark-python
python:py/xpath-injection:268,false_positive,xpathi,owasp-benchmark-python
python:py/xpath-injection:269,true_positive,xpathi,owasp-benchmark-python
python:py/xpath-injection:270,true_positive,xpathi,owasp-benchmark-python
python:py/xpath-injection:271,false_positive,xpathi,owasp-benchmark-python
python:py/xpath-injection:272,true_positive,xpathi,owasp-benchmark-python
python:py/xpath-injection:273,false_positive,xpathi,owasp-benchmark-python
python:py/xpath-injection:274,false_positive,xpathi,owasp-benchmark-python
python:py/xpath-injection:275,true_positive,xpathi,owasp-benchmark-python
python:py/xpath-injection:276,false_positive,xpathi,owasp-benchmark-python
python:py/xpath-injection:277,true_positive,xpathi,owasp-benchmark-python
python:py/xpath-injection:278,true_positive,xpathi,owasp-benchmark-python
python:py/xpath-injection:279,false_positive,xpathi,owasp-benchmark-python
python:py/xpath-injection:280,false_positive,xpathi,owasp-benchmark-python
python:py/xpath-injection:281,false_positive,xpathi,owasp-benchmark-python
python:py/xpath-injection:282,false_positive,xpathi,owasp-benchmark-python
python:py/xpath-injection:283,false_positive,xpathi,owasp-benchmark-python
python:py/xpath-injection:284,false_positive,xpathi,owasp-benchmark-python
python:py/xpath-injection:285,true_positive,xpathi,owasp-benchmark-python
python:py/xpath-injection:286,true_positive,xpathi,owasp-benchmark-python
python:py/xpath-injection:287,false_positive,xpathi,owasp-benchmark-python
python:py/xpath-injection:288,false_positive,xpathi,owasp-benchmark-python
python:py/xpath-injection:289,false_positive,xpathi,owasp-benchmark-python
python:py/xpath-injection:290,false_positive,xpathi,owasp-benchmark-python
python:py/xpath-injection:291,true_positive,xpathi,owasp-benchmark-python
python:py/xpath-injection:292,true_positive,xpathi,owasp-benchmark-python
python:py/xpath-injection:293,false_positive,xpathi,owasp-benchmark-python
python:py/xpath-injection:294,false_positive,xpathi,owasp-benchmark-python
python:py/xpath-injection:295,false_positive,xpathi,owasp-benchmark-python
python:py/xpath-injection:296,false_positive,xpathi,owasp-benchmark-python
python:py/xpath-injection:297,false_positive,xpathi,owasp-benchmark-python
python:py/xpath-injection:298,false_positive,xpathi,owasp-benchmark-python
python:py/xpath-injection:299,false_positive,xpathi,owasp-benchmark-python
python:py/xpath-injection:300,false_positive,xpathi,owasp-benchmark-python
python:py/xpath-injection:301,false_positive,xpathi,owasp-benchmark-python
python:py/xpath-injection:302,false_positive,xpathi,owasp-benchmark-python
python:py/xpath-injection:303,false_positive,xpathi,owasp-benchmark-python
python:py/xpath-injection:304,false_positive,xpathi,owasp-benchmark-python
python:py/xpath-injection:305,false_positive,xpathi,owasp-benchmark-python
